{"cameraMode":{"drawMode":0,"name":"Shaded","section":"Shading Mode"},"sceneLighting":true,"audioPlay":false,"sceneViewState":{"showFog":true,"showMaterialUpdate":false,"showSkybox":true,"showFlares":true,"showImageEffects":true,"showParticleSystems":true},"in2DMode":false,"pivot":{"x":-31.73286247253418,"y":64.30814361572266,"z":117.8564224243164},"rotation":{"x":0.25617843866348269,"y":-0.14004312455654145,"z":0.037539154291152957,"w":0.9556940197944641},"size":125.06124114990235,"orthographic":false}